,Unnamed: 0,Ingredient,Similar Ingredient,Word2Vec Value
370,370,간장,다진마늘,0.9899939894676208
70,70,다진마늘,간장,0.9899939894676208
371,371,간장,설탕,0.9897170066833496
110,110,설탕,간장,0.9897170066833496
71,71,다진마늘,설탕,0.9896528720855712
111,111,설탕,다진마늘,0.9896528124809264
470,470,후춧가루,간장,0.9890903234481812
372,372,간장,후춧가루,0.9890903234481812
130,130,소금,다진마늘,0.9889545440673828
72,72,다진마늘,소금,0.9889545440673828
373,373,간장,소금,0.9882843494415284
131,131,소금,간장,0.9882843494415284
471,471,후춧가루,다진마늘,0.9881067872047424
73,73,다진마늘,후춧가루,0.9881067276000975
220,220,홍고추,다진마늘,0.9875850677490234
74,74,다진마늘,홍고추,0.9875850081443788
221,221,홍고추,설탕,0.9875085353851318
112,112,설탕,홍고추,0.9875083565711976
50,50,참기름,다진마늘,0.9874007105827332
472,472,후춧가루,설탕,0.9872306585311891
113,113,설탕,후춧가루,0.9872304797172546
132,132,소금,설탕,0.9871795773506165
114,114,설탕,소금,0.9871795177459716
473,473,후춧가루,소금,0.9868922233581544
133,133,소금,후춧가루,0.98689204454422
374,374,간장,참기름,0.9865623712539672
51,51,참기름,간장,0.9865623116493224
222,222,홍고추,간장,0.9863743185997008
310,310,고춧가루,다진마늘,0.9862635135650636
134,134,소금,참기름,0.9862278699874878
52,52,참기름,소금,0.986227810382843
590,590,대파,간장,0.9856220483779908
311,311,고춧가루,간장,0.9854923486709596
591,591,대파,다진마늘,0.9854704737663268
474,474,후춧가루,홍고추,0.98542720079422
223,223,홍고추,후춧가루,0.9854271411895752
53,53,참기름,후춧가루,0.9850687980651855
312,312,고춧가루,소금,0.9848516583442688
313,313,고춧가루,설탕,0.9845386743545532
54,54,참기름,설탕,0.9844619035720824
500,500,실파,소금,0.9843943119049072
592,592,대파,소금,0.9842457175254822
224,224,홍고추,소금,0.9842423796653748
593,593,대파,후춧가루,0.9839969873428344
300,300,깨소금,다진마늘,0.9838554263114928
301,301,깨소금,설탕,0.983750581741333
302,302,깨소금,간장,0.98373544216156
730,730,무,다진마늘,0.9836241006851196
501,501,실파,다진마늘,0.9835878610610962
502,502,실파,설탕,0.983488917350769
314,314,고춧가루,홍고추,0.9833996295928956
303,303,깨소금,홍고추,0.9833664298057556
594,594,대파,설탕,0.9833166003227234
910,910,생강,다진마늘,0.9832198619842528
430,430,양파,간장,0.9832022190093994
503,503,실파,간장,0.9830461144447328
540,540,식초,간장,0.982981264591217
504,504,실파,참기름,0.9827862381935121
911,911,생강,간장,0.9827356338500975
40,40,고추장,간장,0.9826233386993408
41,41,고추장,다진마늘,0.9826222658157348
541,541,식초,다진마늘,0.9824488162994384
240,240,표고버섯,간장,0.98244047164917
304,304,깨소금,참기름,0.9821531772613524
241,241,표고버섯,설탕,0.9820988178253174
210,210,밥,간장,0.9819680452346802
340,340,물,다진마늘,0.9818367958068848
731,731,무,간장,0.9818252325057985
542,542,식초,후춧가루,0.9816042184829712
330,330,마늘,다진마늘,0.9815431833267212
242,242,표고버섯,다진마늘,0.9814232587814332
912,912,생강,설탕,0.9814047813415528
543,543,식초,소금,0.9813735485076904
211,211,밥,다진마늘,0.9813406467437744
431,431,양파,다진마늘,0.9813088178634644
270,270,청고추,간장,0.9812998771667479
390,390,식용유,다진마늘,0.9812533855438232
42,42,고추장,후춧가루,0.9812204837799072
600,600,깻잎,다진마늘,0.9809753894805908
732,732,무,설탕,0.9809641838073729
733,733,무,소금,0.980843186378479
391,391,식용유,간장,0.9808409214019777
734,734,무,후춧가루,0.980790913105011
392,392,식용유,설탕,0.98063862323761
43,43,고추장,설탕,0.9806230068206788
432,432,양파,설탕,0.9804452061653136
913,913,생강,소금,0.9804052114486694
601,601,깻잎,설탕,0.9803903102874756
180,180,당근,소금,0.9803183674812316
212,212,밥,후춧가루,0.9802988171577454
393,393,식용유,후춧가루,0.9802485108375548
181,181,당근,설탕,0.9802400469779968
182,182,당근,후춧가루,0.9800252914428712
433,433,양파,소금,0.9799924492836
544,544,식초,설탕,0.9797965288162231
243,243,표고버섯,소금,0.9796366691589355
183,183,당근,다진마늘,0.9794883728027344
602,602,깻잎,간장,0.9792838096618652
244,244,표고버섯,고춧가루,0.979232668876648
271,271,청고추,다진마늘,0.9790874123573304
434,434,양파,고춧가루,0.9790797829627992
90,90,미나리,다진마늘,0.9790417551994324
394,394,식용유,소금,0.9790003299713136
184,184,당근,간장,0.9789674282073976
44,44,고추장,참기름,0.9788821935653688
341,341,물,간장,0.9788213968276978
914,914,생강,후춧가루,0.9785480499267578
331,331,마늘,소금,0.978302001953125
342,342,물,참기름,0.9781934022903442
272,272,청고추,설탕,0.9781687259674072
603,603,깻잎,소금,0.9780771136283876
332,332,마늘,설탕,0.9779670238494872
213,213,밥,참기름,0.9778930544853209
450,450,오이,설탕,0.9778113365173341
604,604,깻잎,후춧가루,0.9778038859367372
333,333,마늘,간장,0.97776997089386
214,214,밥,고춧가루,0.9777222275733948
451,451,오이,후춧가루,0.9775501489639282
460,460,다시마,간장,0.9774826765060424
273,273,청고추,후춧가루,0.9774008989334106
343,343,물,소금,0.9773250818252563
10,10,계란,다진마늘,0.9773077964782716
334,334,마늘,무,0.9773010015487672
274,274,청고추,소금,0.9770512580871582
344,344,물,설탕,0.9770086407661438
91,91,미나리,소금,0.9768491387367249
92,92,미나리,간장,0.9766443967819214
93,93,미나리,후춧가루,0.9764885902404784
810,810,샐러리,다진마늘,0.9762544631958008
250,250,돼지고기,간장,0.976190447807312
94,94,미나리,설탕,0.976098358631134
650,650,청주,다진마늘,0.9760376811027528
452,452,오이,간장,0.9759095907211304
11,11,계란,간장,0.9758589267730712
670,670,녹말가루,다진마늘,0.9756578207015992
251,251,돼지고기,다진마늘,0.9756540060043336
12,12,계란,설탕,0.975651741027832
453,453,오이,다진마늘,0.9756497740745544
580,580,다진생강,다진마늘,0.9756022691726683
700,700,육수,간장,0.9755464792251588
252,252,돼지고기,홍고추,0.9752410054206848
13,13,계란,고추장,0.9750032424926758
14,14,계란,홍고추,0.9749605655670166
461,461,다시마,설탕,0.9749483466148376
811,811,샐러리,설탕,0.9749289751052856
701,701,육수,다진마늘,0.974858283996582
581,581,다진생강,설탕,0.9748566746711732
651,651,청주,간장,0.9746543169021606
690,690,김치,후춧가루,0.9746482968330384
640,640,오징어,다진마늘,0.9745802283287048
462,462,다시마,다진마늘,0.9745522737503052
641,641,오징어,간장,0.974509060382843
691,691,김치,소금,0.9743677377700806
692,692,김치,다진마늘,0.974332630634308
812,812,샐러리,간장,0.9742289781570436
1460,1460,마요네즈,다진마늘,0.9741965532302856
693,693,김치,설탕,0.9741153120994568
630,630,새우,다진마늘,0.974099338054657
1530,1530,굴소스,다진마늘,0.974015176296234
671,671,녹말가루,소금,0.9739874005317688
642,642,오징어,후춧가루,0.9739855527877808
253,253,돼지고기,설탕,0.973963737487793
702,702,육수,설탕,0.9739261269569396
1030,1030,통깨,설탕,0.9739162921905518
643,643,오징어,소금,0.9738941192626952
813,813,샐러리,후춧가루,0.9738571643829346
1461,1461,마요네즈,간장,0.9737545251846312
644,644,오징어,설탕,0.9737412929534912
200,200,진간장,소금,0.9737060666084291
814,814,샐러리,소금,0.9736378192901612
1462,1462,마요네즈,후춧가루,0.9736191630363464
1340,1340,맛술,다진마늘,0.9736132025718688
631,631,새우,설탕,0.9735309481620787
672,672,녹말가루,간장,0.9734482169151306
454,454,오이,대파,0.9733666181564332
582,582,다진생강,간장,0.9733099937438964
652,652,청주,설탕,0.9732274413108826
1031,1031,통깨,다진마늘,0.9731379747390748
254,254,돼지고기,참기름,0.9731290340423584
703,703,육수,후춧가루,0.9731240272521972
201,201,진간장,다진마늘,0.9731018543243408
583,583,다진생강,홍고추,0.9730160236358644
704,704,육수,소금,0.9729246497154236
584,584,다진생강,후춧가루,0.9728899598121644
1531,1531,굴소스,설탕,0.9728313088417052
673,673,녹말가루,설탕,0.972768783569336
1341,1341,맛술,설탕,0.9727663993835448
1032,1032,통깨,간장,0.9727577567100524
694,694,김치,간장,0.9726415872573853
1090,1090,된장,간장,0.9726345539093018
202,202,진간장,참기름,0.9725762605667114
463,463,다시마,대파,0.9725024700164796
653,653,청주,후춧가루,0.9724867343902588
1091,1091,된장,다진마늘,0.972485601902008
464,464,다시마,고춧가루,0.9723907113075256
203,203,진간장,설탕,0.9722942113876344
1463,1463,마요네즈,설탕,0.9722797870635986
1342,1342,맛술,대파,0.972235143184662
654,654,청주,소금,0.9722232818603516
632,632,새우,참기름,0.9720901250839232
674,674,녹말가루,참기름,0.972071409225464
204,204,진간장,간장,0.9720645546913148
633,633,새우,홍고추,0.9720581769943236
1532,1532,굴소스,간장,0.9720258116722108
1092,1092,된장,홍고추,0.9720255136489868
230,230,호박,다진마늘,0.9719796776771544
1033,1033,통깨,대파,0.9719642996788024
1093,1093,된장,참기름,0.9718550443649292
1343,1343,맛술,소금,0.9716356992721558
1034,1034,통깨,후춧가루,0.97155100107193
1464,1464,마요네즈,소금,0.9713960886001588
1094,1094,된장,소금,0.971368670463562
510,510,밀가루,간장,0.9712972640991212
1344,1344,맛술,후춧가루,0.971242368221283
860,860,느타리버섯,다진마늘,0.9711872339248656
511,511,밀가루,다진마늘,0.9709449410438538
634,634,새우,소금,0.9705254435539246
1533,1533,굴소스,소금,0.9704300165176392
1260,1260,후추,다진마늘,0.9703981280326844
680,680,두부,간장,0.9703531265258788
681,681,두부,설탕,0.9700988531112672
861,861,느타리버섯,간장,0.9699439406394958
1534,1534,굴소스,후춧가루,0.9698334336280824
231,231,호박,소금,0.9698026180267334
232,232,호박,간장,0.9697298407554626
1261,1261,후추,간장,0.9695441126823424
790,790,올리브유,다진마늘,0.969509482383728
512,512,밀가루,설탕,0.9693909883499146
1220,1220,팽이버섯,다진마늘,0.9692888259887696
233,233,호박,설탕,0.9691983461380004
890,890,토마토케첩,설탕,0.96918785572052
891,891,토마토케첩,다진마늘,0.9691441059112548
1262,1262,후추,후춧가루,0.969020664691925
513,513,밀가루,홍고추,0.9687842726707458
862,862,느타리버섯,홍고추,0.9687821865081788
892,892,토마토케첩,간장,0.9686765670776368
514,514,밀가루,소금,0.9685864448547364
234,234,호박,후춧가루,0.9684540033340454
1380,1380,가지,설탕,0.9684536457061768
1381,1381,가지,간장,0.9684423208236694
791,791,올리브유,무,0.9683981537818908
893,893,토마토케첩,후춧가루,0.9683881998062134
350,350,물엿,소금,0.9682424664497375
1221,1221,팽이버섯,간장,0.9680963158607484
1222,1222,팽이버섯,소금,0.9680518507957458
1263,1263,후추,참기름,0.9680036902427672
1480,1480,시금치,간장,0.9677664637565612
863,863,느타리버섯,참기름,0.9677615165710448
1223,1223,팽이버섯,후춧가루,0.9676891565322876
682,682,두부,다진마늘,0.9676169753074646
792,792,올리브유,설탕,0.967474639415741
894,894,토마토케첩,깨소금,0.9672565460205078
864,864,느타리버섯,후춧가루,0.9672065973281859
683,683,두부,후춧가루,0.9672037363052368
351,351,물엿,다진마늘,0.9671539664268494
1481,1481,시금치,소금,0.9669827222824096
1382,1382,가지,소금,0.9669677019119264
290,290,쇠고기,다진마늘,0.9668927788734436
1224,1224,팽이버섯,대파,0.9667987227439879
1264,1264,후추,소금,0.9667140245437622
360,360,대추,간장,0.96647310256958
1482,1482,시금치,다진마늘,0.9663952589035034
684,684,두부,소금,0.9662462472915648
0,0,다진파,다진마늘,0.966073989868164
980,980,양배추,다진마늘,0.9660478234291076
793,793,올리브유,간장,0.9658902287483216
352,352,물엿,설탕,0.9658870697021484
794,794,올리브유,소금,0.9658651351928712
981,981,양배추,간장,0.96576988697052
20,20,국간장,다진마늘,0.9657437205314636
982,982,양배추,설탕,0.9655624628067015
1383,1383,가지,홍고추,0.9655203819274902
361,361,대추,설탕,0.9654915332794191
983,983,양배추,후춧가루,0.9653412103652954
1384,1384,가지,다진마늘,0.9652509689331056
353,353,물엿,간장,0.965110957622528
940,940,토마토,간장,0.9650899171829224
354,354,물엿,홍고추,0.9649764895439148
21,21,국간장,설탕,0.9648957848548888
291,291,쇠고기,설탕,0.9647663831710817
80,80,콩나물,설탕,0.964743435382843
1,1,다진파,참기름,0.9646645188331604
1483,1483,시금치,고춧가루,0.964644193649292
81,81,콩나물,간장,0.9644324779510498
941,941,토마토,다진마늘,0.9643280506134032
1484,1484,시금치,설탕,0.9641172289848328
480,480,멸치,설탕,0.9640119671821594
362,362,대추,다진마늘,0.964008927345276
22,22,국간장,간장,0.9639919996261596
2,2,다진파,홍고추,0.9639742374420166
481,481,멸치,홍고추,0.9635232090950012
3,3,다진파,소금,0.9635024666786194
984,984,양배추,홍고추,0.9634635448455809
292,292,쇠고기,간장,0.9633914828300476
482,482,멸치,간장,0.9632296562194824
23,23,국간장,참기름,0.963226079940796
483,483,멸치,다진마늘,0.96305251121521
82,82,콩나물,후춧가루,0.9627110362052916
484,484,멸치,후춧가루,0.9626505374908448
160,160,찹쌀,소금,0.9626020193099976
293,293,쇠고기,홍고추,0.9625836610794068
24,24,국간장,홍고추,0.9625455737113952
4,4,다진파,후춧가루,0.962543249130249
294,294,쇠고기,무,0.962433695793152
83,83,콩나물,다진마늘,0.962393283843994
84,84,콩나물,표고버섯,0.9623582363128662
363,363,대추,소금,0.9623018503189088
770,770,양송이버섯,간장,0.9623012542724608
960,960,닭,설탕,0.9619795680046082
161,161,찹쌀,다진마늘,0.9615202546119691
1210,1210,쑥갓,소금,0.9615159034729004
771,771,양송이버섯,설탕,0.961514174938202
364,364,대추,대파,0.9611997008323668
380,380,잣,다진마늘,0.9611139297485352
942,942,토마토,후춧가루,0.9608923196792604
410,410,감자,소금,0.9608113765716552
162,162,찹쌀,간장,0.9604523181915284
411,411,감자,다진마늘,0.9603861570358276
772,772,양송이버섯,다진마늘,0.9602209329605104
943,943,토마토,고추장,0.9601464867591858
163,163,찹쌀,설탕,0.9600647687911988
412,412,감자,간장,0.9600589871406556
413,413,감자,고춧가루,0.9599268436431884
381,381,잣,홍고추,0.959912359714508
920,920,파프리카,간장,0.9597115516662598
944,944,토마토,고춧가루,0.9596040844917296
382,382,잣,간장,0.9595701694488524
961,961,닭,다진마늘,0.9594940543174744
414,414,감자,설탕,0.9594700932502748
164,164,찹쌀,후춧가루,0.9593535661697388
383,383,잣,무,0.9592996835708618
1211,1211,쑥갓,간장,0.9591916799545288
962,962,닭,간장,0.9588646888732909
1212,1212,쑥갓,다진마늘,0.9582078456878662
963,963,닭,소금,0.958062708377838
964,964,닭,대파,0.9580023288726808
384,384,잣,설탕,0.9579676389694214
420,420,우유,다진마늘,0.9579533338546752
1440,1440,양상추,간장,0.9576200246810912
1400,1400,베이컨,간장,0.957416296005249
1213,1213,쑥갓,후춧가루,0.9572865962982178
921,921,파프리카,다진마늘,0.9572526812553406
773,773,양송이버섯,소금,0.9572470784187316
774,774,양송이버섯,후춧가루,0.9572150707244872
1214,1214,쑥갓,홍고추,0.9571763277053832
922,922,파프리카,설탕,0.9570550918579102
610,610,상추,설탕,0.9570289850234984
923,923,파프리카,후춧가루,0.9569827318191528
924,924,파프리카,홍고추,0.95671808719635
1401,1401,베이컨,다진마늘,0.9560717344284058
900,900,피망,설탕,0.9560711979866028
421,421,우유,간장,0.956038773059845
422,422,우유,소금,0.9560104608535768
611,611,상추,다진마늘,0.9560052156448364
1441,1441,양상추,다진마늘,0.9553872346878052
423,423,우유,설탕,0.9553509950637816
612,612,상추,간장,0.9552676677703856
901,901,피망,간장,0.9552179574966432
1442,1442,양상추,소금,0.9550159573554992
1402,1402,베이컨,후춧가루,0.9544546604156494
530,530,배,설탕,0.9542816877365112
613,613,상추,후춧가루,0.9541835188865662
1403,1403,베이컨,소금,0.9541170001029968
902,902,피망,깨소금,0.9539669156074524
424,424,우유,참기름,0.953760027885437
1450,1450,머스터드,다진마늘,0.9537364840507508
1443,1443,양상추,설탕,0.9537234902381896
903,903,피망,다진마늘,0.9536428451538086
904,904,피망,소금,0.9536198377609252
614,614,상추,소금,0.9536123275756836
1404,1404,베이컨,설탕,0.9533379077911376
850,850,생강즙,다진마늘,0.9531005024909972
1240,1240,낙지,간장,0.9530647993087769
1444,1444,양상추,홍고추,0.9530495405197144
440,440,청피망,설탕,0.952384114265442
1360,1360,미림,간장,0.9522256851196288
851,851,생강즙,소금,0.9520343542099
852,852,생강즙,설탕,0.9510594010353088
441,441,청피망,다진마늘,0.9507817625999452
1241,1241,낙지,설탕,0.9507575035095216
442,442,청피망,간장,0.95064777135849
1242,1242,낙지,다진마늘,0.950584590435028
1243,1243,낙지,홍고추,0.9504286050796508
531,531,배,고추장,0.9504109621047974
853,853,생강즙,간장,0.9503767490386964
532,532,배,간장,0.9503196477890016
854,854,생강즙,참기름,0.9502262473106384
1244,1244,낙지,참기름,0.9501937031745912
1361,1361,미림,다진마늘,0.950087547302246
443,443,청피망,소금,0.9499967694282532
444,444,청피망,대파,0.9499213695526124
1451,1451,머스터드,후춧가루,0.9498834609985352
1452,1452,머스터드,간장,0.9495899677276612
533,533,배,다진마늘,0.9492607712745668
1370,1370,고등어,다진마늘,0.9489842653274536
1362,1362,미림,후춧가루,0.948974311351776
1100,1100,굴,다진마늘,0.9489207863807678
1363,1363,미림,소금,0.9484947323799132
1101,1101,굴,설탕,0.948059618473053
1453,1453,머스터드,설탕,0.9480217695236206
534,534,배,후춧가루,0.9480000734329224
1364,1364,미림,설탕,0.947757601737976
520,520,애호박,다진마늘,0.947182595729828
870,870,꿀,설탕,0.946925163269043
1454,1454,머스터드,소금,0.9468332529067992
1371,1371,고등어,후춧가루,0.9466294050216676
1372,1372,고등어,참기름,0.9459041357040404
1373,1373,고등어,고춧가루,0.9457464814186096
521,521,애호박,설탕,0.9456617832183838
1374,1374,고등어,홍고추,0.94536292552948
320,320,파,후춧가루,0.9451600313186646
1102,1102,굴,간장,0.9450995326042176
1103,1103,굴,대파,0.944537878036499
100,100,숙주,다진마늘,0.9442299008369446
1104,1104,굴,후춧가루,0.9439679384231568
871,871,꿀,간장,0.9439151287078856
1040,1040,버터,설탕,0.9438706040382384
1041,1041,버터,다진마늘,0.943693995475769
522,522,애호박,대파,0.943623661994934
523,523,애호박,소금,0.9435843229293824
190,190,부추,간장,0.9434000253677368
321,321,파,설탕,0.9433017373085022
1150,1150,바지락,간장,0.94312983751297
524,524,애호박,고춧가루,0.9430667757987976
322,322,파,소금,0.9430097937583924
191,191,부추,무,0.9429122805595398
323,323,파,간장,0.9428785443305968
720,720,모시조개,간장,0.9427722692489624
721,721,모시조개,다진마늘,0.9427188038825988
192,192,부추,홍고추,0.942585825920105
324,324,파,다진마늘,0.9424767494201659
193,193,부추,참기름,0.9424158930778505
1151,1151,바지락,설탕,0.9423441290855408
872,872,꿀,다진마늘,0.9421610832214355
1152,1152,바지락,다진마늘,0.9420695900917052
194,194,부추,후춧가루,0.9419023990631104
101,101,숙주,설탕,0.9418795108795166
1042,1042,버터,참기름,0.94179505109787
1043,1043,버터,고춧가루,0.941780686378479
873,873,꿀,참기름,0.9416518211364746
1044,1044,버터,간장,0.9415732622146606
874,874,꿀,홍고추,0.9411410093307496
660,660,홍합,대파,0.9411394596099854
1153,1153,바지락,홍고추,0.9407713413238524
722,722,모시조개,소금,0.940105438232422
723,723,모시조개,후춧가루,0.9398832321166992
724,724,모시조개,설탕,0.9397883415222168
102,102,숙주,대파,0.93856680393219
103,103,숙주,간장,0.9383482933044434
1154,1154,바지락,후춧가루,0.9380448460578918
1410,1410,생크림,간장,0.9371944069862366
104,104,숙주,후춧가루,0.937127947807312
661,661,홍합,다진마늘,0.9371153712272644
662,662,홍합,간장,0.9360194206237792
1411,1411,생크림,홍고추,0.9351047277450562
120,120,쌀,홍고추,0.9350522756576538
1412,1412,생크림,대파,0.934764802455902
663,663,홍합,양파,0.9346827268600464
1000,1000,밤,참기름,0.9346132278442384
664,664,홍합,소금,0.9344923496246338
121,121,쌀,후춧가루,0.9338691830635072
122,122,쌀,다진마늘,0.9338579773902892
123,123,쌀,설탕,0.9336667060852052
124,124,쌀,간장,0.933363437652588
1413,1413,생크림,다진마늘,0.9330682158470154
1001,1001,밤,고춧가루,0.9322850108146667
840,840,계란노른자,설탕,0.9320382475852966
1414,1414,생크림,설탕,0.9317463636398317
1002,1002,밤,다진마늘,0.9316952228546144
820,820,바질,다진마늘,0.9315804243087769
841,841,계란노른자,다진마늘,0.9314769506454468
260,260,통후추,소금,0.9306647777557372
1003,1003,밤,간장,0.930660367012024
821,821,바질,설탕,0.9305952787399292
261,261,통후추,다진마늘,0.9305073022842408
822,822,바질,대파,0.9304535388946532
262,262,통후추,참기름,0.9300720691680908
823,823,바질,간장,0.9289557337760924
824,824,바질,후춧가루,0.9287803173065186
1004,1004,밤,설탕,0.9287575483322144
263,263,통후추,실파,0.9281288385391236
264,264,통후추,설탕,0.9279597401618958
842,842,계란노른자,후춧가루,0.9276365041732788
490,490,홍피망,다진마늘,0.92727392911911
60,60,고사리,소금,0.926828384399414
61,61,고사리,청고추,0.9264733791351318
843,843,계란노른자,고춧가루,0.9258353710174559
844,844,계란노른자,소금,0.9255136251449584
62,62,고사리,참기름,0.925424575805664
63,63,고사리,간장,0.9251639842987059
64,64,고사리,다진마늘,0.9250394701957704
491,491,홍피망,간장,0.92450213432312
570,570,찹쌀가루,고춧가루,0.924224317073822
492,492,홍피망,고춧가루,0.9234329462051392
493,493,홍피망,설탕,0.9214730262756348
571,571,찹쌀가루,설탕,0.9211649298667908
494,494,홍피망,대파,0.9204635620117188
572,572,찹쌀가루,소금,0.9195235967636108
573,573,찹쌀가루,다진마늘,0.9194115400314332
574,574,찹쌀가루,실파,0.9191725254058838
1070,1070,은행,참기름,0.9118065834045409
1190,1190,게맛살,소금,0.9114726781845092
1191,1191,게맛살,후춧가루,0.9101642966270448
1071,1071,은행,깨소금,0.908900022506714
1072,1072,은행,다진마늘,0.9086323976516724
1160,1160,가래떡,후춧가루,0.908610224723816
1161,1161,가래떡,대파,0.9083575010299684
1192,1192,게맛살,당근,0.9082810282707214
1073,1073,은행,간장,0.9080291390419006
1162,1162,가래떡,다진마늘,0.90798419713974
1074,1074,은행,밥,0.9077833294868468
1250,1250,김,다진마늘,0.9077556133270264
1193,1193,게맛살,설탕,0.9072710871696472
1251,1251,김,간장,0.9072024822235109
1194,1194,게맛살,간장,0.9071850776672364
1163,1163,가래떡,간장,0.9066611528396606
1164,1164,가래떡,당근,0.90593683719635
1252,1252,김,소금,0.9052543044090272
1253,1253,김,고춧가루,0.9050071239471436
1254,1254,김,후춧가루,0.9041247963905334
1520,1520,정종,간장,0.9026702642440796
30,30,도라지,물,0.9026559591293336
1300,1300,햄,설탕,0.9026076197624208
620,620,죽순,참기름,0.9024934768676758
31,31,도라지,후춧가루,0.9020482301712036
32,32,도라지,실파,0.9019943475723268
621,621,죽순,깨소금,0.9016962647438048
830,830,화이트와인,양파,0.9015743136405944
622,622,죽순,간장,0.901536464691162
1521,1521,정종,참기름,0.9013009071350098
33,33,도라지,다진마늘,0.9009135365486144
1522,1522,정종,설탕,0.9008094668388368
623,623,죽순,후춧가루,0.9007859230041504
34,34,도라지,간장,0.9007006883621216
831,831,화이트와인,간장,0.900442361831665
1420,1420,스파게티,대파,0.9002540111541748
1301,1301,햄,후춧가루,0.9001595377922058
832,832,화이트와인,후춧가루,0.8999735116958618
1302,1302,햄,계란,0.8996298909187317
1600,1600,새송이버섯,간장,0.8995314836502075
624,624,죽순,설탕,0.8994128704071045
1303,1303,햄,소금,0.8988587856292725
833,833,화이트와인,고추장,0.8985303640365601
1304,1304,햄,다진마늘,0.8984390497207642
1523,1523,정종,다진마늘,0.8982444405555725
1524,1524,정종,고춧가루,0.8982126712799072
1601,1601,새송이버섯,다진마늘,0.8979566097259521
834,834,화이트와인,당근,0.8977339267730713
1421,1421,스파게티,다진마늘,0.8974721431732178
1602,1602,새송이버섯,설탕,0.8971118330955505
1490,1490,무순,설탕,0.8966290950775146
1603,1603,새송이버섯,고추장,0.8965163230895996
1422,1422,스파게티,홍고추,0.8960855007171631
1423,1423,스파게티,설탕,0.8958766460418701
1604,1604,새송이버섯,표고버섯,0.8956714868545532
1491,1491,무순,다진마늘,0.8951408267021179
1424,1424,스파게티,깻잎,0.8949767351150513
750,750,다진쇠고기,다진마늘,0.8944575786590576
1110,1110,새우젓,양파,0.8943361639976501
1330,1330,다시물,깨소금,0.8940329551696777
1331,1331,다시물,설탕,0.8937793970108032
1111,1111,새우젓,깨소금,0.8935883045196533
1492,1492,무순,깻잎,0.8934564590454102
1493,1493,무순,물,0.8932427763938904
1112,1112,새우젓,청고추,0.8931624889373779
1113,1113,새우젓,설탕,0.8931347131729126
1332,1332,다시물,식초,0.8930864930152893
751,751,다진쇠고기,설탕,0.8930339217185974
1494,1494,무순,후춧가루,0.8930186033248901
1114,1114,새우젓,간장,0.8929882049560547
1333,1333,다시물,참기름,0.8927091360092163
752,752,다진쇠고기,대파,0.8926630020141602
1334,1334,다시물,후춧가루,0.8925373554229736
1080,1080,갓,간장,0.8915187120437622
760,760,쌀뜨물,다진마늘,0.8912951350212097
1081,1081,갓,후춧가루,0.8912791609764099
753,753,다진쇠고기,실파,0.89126056432724
1082,1082,갓,소금,0.8910884857177734
754,754,다진쇠고기,고춧가루,0.8910795450210571
1083,1083,갓,설탕,0.8908972740173341
1084,1084,갓,홍고추,0.8907850980758667
761,761,쌀뜨물,홍고추,0.8905898928642273
762,762,쌀뜨물,간장,0.887981116771698
763,763,쌀뜨물,설탕,0.8866329193115234
1320,1320,치커리,소금,0.885685920715332
764,764,쌀뜨물,깨소금,0.8853528499603271
1200,1200,술,간장,0.8839614391326904
170,170,멥쌀,다진마늘,0.8837707638740541
1130,1130,파슬리,양파,0.8835355639457703
1201,1201,술,설탕,0.882975697517395
1131,1131,파슬리,돼지고기,0.8829590082168579
1321,1321,치커리,다진마늘,0.8828333616256714
1132,1132,파슬리,표고버섯,0.8827669620513916
1550,1550,풋고추,깻잎,0.882696270942688
1551,1551,풋고추,고춧가루,0.8825783729553223
1322,1322,치커리,대파,0.8825752735137941
1323,1323,치커리,참기름,0.882335901260376
1324,1324,치커리,후춧가루,0.8822768926620483
1552,1552,풋고추,다진마늘,0.8821437358856201
1133,1133,파슬리,설탕,0.8820481300354004
1134,1134,파슬리,간장,0.8819138407707214
1202,1202,술,다진마늘,0.8818777203559875
1553,1553,풋고추,미나리,0.8815851807594299
1203,1203,술,고춧가루,0.8815193176269531
1204,1204,술,깨소금,0.8807176351547241
1540,1540,국멸치,무,0.8803187608718872
550,550,국수,설탕,0.880123496055603
1554,1554,풋고추,설탕,0.8799623250961304
171,171,멥쌀,대파,0.8793799877166748
172,172,멥쌀,오이,0.8787600994110107
1560,1560,레몬,소금,0.8777562379837036
1541,1541,국멸치,소금,0.8776507377624512
173,173,멥쌀,맛술,0.877577543258667
990,990,파슬리가루,다진마늘,0.8775558471679688
174,174,멥쌀,간장,0.8773887753486633
1542,1542,국멸치,당근,0.8767441511154175
551,551,국수,간장,0.8766824007034302
991,991,파슬리가루,간장,0.8764423131942749
1570,1570,고구마,후춧가루,0.8764253854751587
552,552,국수,실파,0.8763980865478516
992,992,파슬리가루,대파,0.8763662576675415
993,993,파슬리가루,후춧가루,0.8760043978691101
1571,1571,고구마,다진마늘,0.8758772611618042
1543,1543,국멸치,설탕,0.8755850791931152
1561,1561,레몬,양파,0.8753697872161865
994,994,파슬리가루,설탕,0.8753592967987059
1544,1544,국멸치,간장,0.8750414252281189
400,400,완두콩,다진마늘,0.8750212788581848
1562,1562,레몬,설탕,0.8747467994689941
1572,1572,고구마,설탕,0.8745874166488647
1563,1563,레몬,다진마늘,0.8744053840637207
1564,1564,레몬,간장,0.8734118938446045
401,401,완두콩,참기름,0.8732807636260986
1573,1573,고구마,홍고추,0.8731410503387451
402,402,완두콩,설탕,0.8729899525642395
553,553,국수,다진마늘,0.8729729056358337
1574,1574,고구마,간장,0.8724894523620605
554,554,국수,소금,0.8723528385162354
403,403,완두콩,무,0.8720347285270691
404,404,완두콩,대파,0.8712520003318787
1430,1430,닭고기,다진마늘,0.8704451322555542
1431,1431,닭고기,설탕,0.8693639039993286
1620,1620,쪽파,설탕,0.8692335486412048
1432,1432,닭고기,간장,0.8690499067306519
1310,1310,와사비,설탕,0.8676548600196838
1050,1050,빵가루,간장,0.8672550916671753
1621,1621,쪽파,당근,0.8669408559799194
1622,1622,쪽파,후춧가루,0.8665491938591003
1433,1433,닭고기,후춧가루,0.8659850358963013
1051,1051,빵가루,밥,0.8658656477928162
1311,1311,와사비,참기름,0.8656334877014159
1312,1312,와사비,간장,0.8651514053344727
1434,1434,닭고기,육수,0.8649978637695312
780,780,레몬즙,참기름,0.8646214008331299
1313,1313,와사비,실파,0.8646120429039001
1623,1623,쪽파,김치,0.8642494678497314
781,781,레몬즙,식용유,0.8641360998153687
1314,1314,와사비,다진마늘,0.8640642166137695
1624,1624,쪽파,간장,0.863897442817688
280,280,당면,설탕,0.8638184666633606
1052,1052,빵가루,당근,0.8637707233428955
782,782,레몬즙,소금,0.8630878329277039
140,140,팥,깨소금,0.8630139231681824
1350,1350,마른고추,느타리버섯,0.8627208471298218
1053,1053,빵가루,두부,0.8621965646743774
1054,1054,빵가루,후춧가루,0.8621041774749756
141,141,팥,소금,0.8618680238723755
142,142,팥,후춧가루,0.8616899847984314
143,143,팥,설탕,0.8612545728683472
783,783,레몬즙,깨소금,0.8597865104675293
784,784,레몬즙,밥,0.8591193556785583
144,144,팥,간장,0.8590317964553833
281,281,당면,간장,0.8589600324630737
282,282,당면,홍고추,0.8575766086578369
1351,1351,마른고추,참기름,0.8573172092437744
283,283,당면,밥,0.8573047518730164
1352,1352,마른고추,실파,0.8568101525306702
1353,1353,마른고추,표고버섯,0.8565990328788757
1354,1354,마른고추,간장,0.8555831909179688
284,284,당면,통깨,0.8550188541412354
1120,1120,배추,다진마늘,0.8532751798629761
1121,1121,배추,설탕,0.8523027896881104
1122,1122,배추,고춧가루,0.8521876335144043
1123,1123,배추,홍고추,0.8513634204864502
150,150,콩,물,0.8513094186782837
1124,1124,배추,참기름,0.8512978553771973
151,151,콩,간장,0.8512392640113831
152,152,콩,후춧가루,0.8486324548721313
1280,1280,참치,느타리버섯,0.8475969433784485
153,153,콩,소금,0.8471540808677673
154,154,콩,참기름,0.8471258878707886
1281,1281,참치,참기름,0.8458508253097534
1282,1282,참치,홍고추,0.8454731702804565
1283,1283,참치,설탕,0.8437941074371338
1284,1284,참치,간장,0.8425506949424744
1180,1180,단무지,참기름,0.8350127935409546
1181,1181,단무지,청고추,0.8330211043357849
1182,1182,단무지,소금,0.8315865993499756
1183,1183,단무지,다진마늘,0.8310773372650146
1184,1184,단무지,다진파,0.8310690522193909
1010,1010,목이버섯,다진마늘,0.8283404111862183
1011,1011,목이버섯,간장,0.827804684638977
800,800,방울토마토,김치,0.8271355032920837
970,970,고추,설탕,0.8267374038696289
1012,1012,목이버섯,후추,0.8263166546821594
971,971,고추,양파,0.8256553411483765
801,801,방울토마토,후춧가루,0.8244885802268982
972,972,고추,후춧가루,0.8242638111114502
802,802,방울토마토,고춧가루,0.8240697383880615
1013,1013,목이버섯,소금,0.82399982213974
803,803,방울토마토,물,0.8239426016807556
973,973,고추,다진마늘,0.8234521150588989
1014,1014,목이버섯,감자,0.8230592012405396
974,974,고추,실파,0.8230354785919191
1500,1500,브로콜리,홍고추,0.8225783109664917
1501,1501,브로콜리,소금,0.8218427300453186
1502,1502,브로콜리,깻잎,0.8208975791931152
804,804,방울토마토,다진마늘,0.8208818435668945
1503,1503,브로콜리,돼지고기,0.8206096887588501
1504,1504,브로콜리,다진마늘,0.8206088542938232
1060,1060,돼기고기,녹말가루,0.8200276494026184
560,560,겨자,다진마늘,0.8193674087524414
1061,1061,돼기고기,팽이버섯,0.8191680312156677
1062,1062,돼기고기,홍고추,0.8188429474830627
1063,1063,돼기고기,대파,0.8187202215194702
1064,1064,돼기고기,다진마늘,0.8172557950019836
561,561,겨자,다시마,0.8172387480735779
562,562,겨자,표고버섯,0.8170037269592285
563,563,겨자,설탕,0.816564679145813
564,564,겨자,고춧가루,0.8163148164749146
1580,1580,모짜렐라치즈,설탕,0.8133987188339233
1020,1020,월계수잎,고춧가루,0.8115501403808594
1021,1021,월계수잎,참기름,0.8099293112754822
1022,1022,월계수잎,다진마늘,0.8095160126686096
1170,1170,배춧잎,설탕,0.808302640914917
1581,1581,모짜렐라치즈,홍고추,0.8079303503036499
1171,1171,배춧잎,간장,0.8076227903366089
1172,1172,배춧잎,무,0.8075783848762512
1023,1023,월계수잎,설탕,0.807485818862915
1582,1582,모짜렐라치즈,소금,0.8074814081192017
1024,1024,월계수잎,고추장,0.806402325630188
1173,1173,배춧잎,식용유,0.8063817024230957
1583,1583,모짜렐라치즈,청고추,0.8058248162269592
1174,1174,배춧잎,후춧가루,0.8055882453918457
1584,1584,모짜렐라치즈,고춧가루,0.8055139780044556
1230,1230,어묵,다진마늘,0.8003491163253784
930,930,실고추,마요네즈,0.7964199781417847
1231,1231,어묵,찹쌀,0.7962796688079834
1232,1232,어묵,후춧가루,0.7961211204528809
1233,1233,어묵,소금,0.7951315641403198
1234,1234,어묵,생강,0.7942013740539551
710,710,만두피,대파,0.7916004061698914
931,931,실고추,무,0.791499137878418
711,711,만두피,간장,0.7906814813613892
712,712,만두피,설탕,0.7898495197296143
713,713,만두피,홍고추,0.7891682982444763
714,714,만두피,소금,0.7891422510147095
932,932,실고추,계란,0.7890765070915222
1140,1140,배추김치,물,0.7886353731155396
933,933,실고추,오이,0.7872809171676636
934,934,실고추,육수,0.7871959209442139
1290,1290,꽁치,마늘,0.7868707776069641
1291,1291,꽁치,홍고추,0.7860201597213745
1141,1141,배추김치,다진마늘,0.7849053144454956
1292,1292,꽁치,밀가루,0.7845234870910645
1293,1293,꽁치,식초,0.7840672135353088
1294,1294,꽁치,간장,0.7840563058853149
1142,1142,배추김치,실파,0.7825883626937866
1143,1143,배추김치,밥,0.7825847864151001
880,880,꼬치,다진마늘,0.781410813331604
881,881,꼬치,양배추,0.7808327674865723
1144,1144,배추김치,참기름,0.7807893157005309
882,882,꼬치,육수,0.7781783938407898
883,883,꼬치,무,0.7780948281288147
884,884,꼬치,홍고추,0.7780516743659973
740,740,미역,청주,0.771185040473938
741,741,미역,생강,0.7691975235939026
742,742,미역,대파,0.7675449252128601
743,743,미역,오이,0.7649041414260864
744,744,미역,깻잎,0.7639191150665283
1510,1510,들기름,무,0.7606849670410156
1511,1511,들기름,생강,0.7576761841773987
1512,1512,들기름,진간장,0.7553064823150635
1513,1513,들기름,후춧가루,0.7524133920669556
1514,1514,들기름,참기름,0.7514933347702026
1390,1390,소면,후춧가루,0.7334008216857909
1391,1391,소면,다진생강,0.7333347797393799
1392,1392,소면,깻잎,0.7331477999687195
1393,1393,소면,맛술,0.7330521941184998
1394,1394,소면,다진마늘,0.7314311265945435
1590,1590,조미술,낙지,0.7134271860122681
1591,1591,조미술,표고버섯,0.7114385366439819
1592,1592,조미술,대파,0.7095565199851991
1593,1593,조미술,참기름,0.7089629173278809
1594,1594,조미술,다진마늘,0.7083576917648315
950,950,다진양파,대파,0.7026681303977966
951,951,다진양파,참기름,0.6981112957000732
952,952,다진양파,마늘,0.6961833834648132
953,953,다진양파,소금,0.6950862407684326
954,954,다진양파,식용유,0.6944710612297058
1610,1610,단호박,고추장,0.6040300130844116
1611,1611,단호박,참기름,0.6006948947906494
1612,1612,단호박,식초,0.5998906493186951
1613,1613,단호박,양파,0.5995732545852661
1614,1614,단호박,팽이버섯,0.5990769863128662
1470,1470,사과,새우,0.5877610445022583
1471,1471,사과,마늘,0.5850116014480591
1472,1472,사과,굴소스,0.5838017463684082
1473,1473,사과,오이,0.58144211769104
1474,1474,사과,미나리,0.5785154104232788
1270,1270,말린표고버섯,가지,0.5580919981002808
1271,1271,말린표고버섯,밥,0.5536736845970154
1272,1272,말린표고버섯,간장,0.5521324276924133
1273,1273,말린표고버섯,밀가루,0.5518614649772644
1274,1274,말린표고버섯,양파,0.5504481196403503
